{
    "$schema": "https://schema.management.azure.com/schemas/2015-01-01/deploymentParameters.json#",
    "contentVersion": "1.0.0.0",
    "parameters": {
        "IotHubs_iothub50566D08_connectionString": {
            "value": null
        },
        "IotHubs_iothub50566D08_containerName": {
            "value": null
        },
        "sites_iotfunc50566d08_name": {
            "value": null
        },
        "IotHubs_iothub50566D08_name": {
            "value": null
        },
        "serverfarms_WestEuropePlan_name": {
            "value": null
        },
        "components_iotfunc50566d08_name": {
            "value": null
        },
        "accounts_iotdls50566d08_name": {
            "value": null
        },
        "storageAccounts_iotstore50566d08_name": {
            "value": null
        },
        "accounts_iotdla50566d08_name": {
            "value": null
        },
        "streamingjobs_iotasa50566d08_name": {
            "value": null
        },
        "smartdetectoralertrules_failure_anomalies___iotfunc50566d08_name": {
            "value": null
        },
        "actiongroups_application_20insights_20smart_20detection_externalid": {
            "value": null
        }
    }
}